[{"model": "auth.permission", "pk": 1, "fields": {"name": "Can add log entry", "content_type": 1, "codename": "add_logentry"}}, {"model": "auth.permission", "pk": 2, "fields": {"name": "Can change log entry", "content_type": 1, "codename": "change_logentry"}}, {"model": "auth.permission", "pk": 3, "fields": {"name": "Can delete log entry", "content_type": 1, "codename": "delete_logentry"}}, {"model": "auth.permission", "pk": 4, "fields": {"name": "Can view log entry", "content_type": 1, "codename": "view_logentry"}}, {"model": "auth.permission", "pk": 5, "fields": {"name": "Can add permission", "content_type": 2, "codename": "add_permission"}}, {"model": "auth.permission", "pk": 6, "fields": {"name": "Can change permission", "content_type": 2, "codename": "change_permission"}}, {"model": "auth.permission", "pk": 7, "fields": {"name": "Can delete permission", "content_type": 2, "codename": "delete_permission"}}, {"model": "auth.permission", "pk": 8, "fields": {"name": "Can view permission", "content_type": 2, "codename": "view_permission"}}, {"model": "auth.permission", "pk": 9, "fields": {"name": "Can add group", "content_type": 3, "codename": "add_group"}}, {"model": "auth.permission", "pk": 10, "fields": {"name": "Can change group", "content_type": 3, "codename": "change_group"}}, {"model": "auth.permission", "pk": 11, "fields": {"name": "Can delete group", "content_type": 3, "codename": "delete_group"}}, {"model": "auth.permission", "pk": 12, "fields": {"name": "Can view group", "content_type": 3, "codename": "view_group"}}, {"model": "auth.permission", "pk": 13, "fields": {"name": "Can add user", "content_type": 4, "codename": "add_user"}}, {"model": "auth.permission", "pk": 14, "fields": {"name": "Can change user", "content_type": 4, "codename": "change_user"}}, {"model": "auth.permission", "pk": 15, "fields": {"name": "Can delete user", "content_type": 4, "codename": "delete_user"}}, {"model": "auth.permission", "pk": 16, "fields": {"name": "Can view user", "content_type": 4, "codename": "view_user"}}, {"model": "auth.permission", "pk": 17, "fields": {"name": "Can add content type", "content_type": 5, "codename": "add_contenttype"}}, {"model": "auth.permission", "pk": 18, "fields": {"name": "Can change content type", "content_type": 5, "codename": "change_contenttype"}}, {"model": "auth.permission", "pk": 19, "fields": {"name": "Can delete content type", "content_type": 5, "codename": "delete_contenttype"}}, {"model": "auth.permission", "pk": 20, "fields": {"name": "Can view content type", "content_type": 5, "codename": "view_contenttype"}}, {"model": "auth.permission", "pk": 21, "fields": {"name": "Can add session", "content_type": 6, "codename": "add_session"}}, {"model": "auth.permission", "pk": 22, "fields": {"name": "Can change session", "content_type": 6, "codename": "change_session"}}, {"model": "auth.permission", "pk": 23, "fields": {"name": "Can delete session", "content_type": 6, "codename": "delete_session"}}, {"model": "auth.permission", "pk": 24, "fields": {"name": "Can view session", "content_type": 6, "codename": "view_session"}}, {"model": "auth.permission", "pk": 25, "fields": {"name": "Can add product", "content_type": 7, "codename": "add_product"}}, {"model": "auth.permission", "pk": 26, "fields": {"name": "Can change product", "content_type": 7, "codename": "change_product"}}, {"model": "auth.permission", "pk": 27, "fields": {"name": "Can delete product", "content_type": 7, "codename": "delete_product"}}, {"model": "auth.permission", "pk": 28, "fields": {"name": "Can view product", "content_type": 7, "codename": "view_product"}}, {"model": "auth.permission", "pk": 29, "fields": {"name": "Can add user", "content_type": 8, "codename": "add_user"}}, {"model": "auth.permission", "pk": 30, "fields": {"name": "Can change user", "content_type": 8, "codename": "change_user"}}, {"model": "auth.permission", "pk": 31, "fields": {"name": "Can delete user", "content_type": 8, "codename": "delete_user"}}, {"model": "auth.permission", "pk": 32, "fields": {"name": "Can view user", "content_type": 8, "codename": "view_user"}}, {"model": "auth.permission", "pk": 33, "fields": {"name": "Can add card", "content_type": 9, "codename": "add_card"}}, {"model": "auth.permission", "pk": 34, "fields": {"name": "Can change card", "content_type": 9, "codename": "change_card"}}, {"model": "auth.permission", "pk": 35, "fields": {"name": "Can delete card", "content_type": 9, "codename": "delete_card"}}, {"model": "auth.permission", "pk": 36, "fields": {"name": "Can view card", "content_type": 9, "codename": "view_card"}}, {"model": "contenttypes.contenttype", "pk": 1, "fields": {"app_label": "admin", "model": "logentry"}}, {"model": "contenttypes.contenttype", "pk": 2, "fields": {"app_label": "auth", "model": "permission"}}, {"model": "contenttypes.contenttype", "pk": 3, "fields": {"app_label": "auth", "model": "group"}}, {"model": "contenttypes.contenttype", "pk": 4, "fields": {"app_label": "auth", "model": "user"}}, {"model": "contenttypes.contenttype", "pk": 5, "fields": {"app_label": "contenttypes", "model": "contenttype"}}, {"model": "contenttypes.contenttype", "pk": 6, "fields": {"app_label": "sessions", "model": "session"}}, {"model": "contenttypes.contenttype", "pk": 7, "fields": {"app_label": "LegacySite", "model": "product"}}, {"model": "contenttypes.contenttype", "pk": 8, "fields": {"app_label": "LegacySite", "model": "user"}}, {"model": "contenttypes.contenttype", "pk": 9, "fields": {"app_label": "LegacySite", "model": "card"}}, {"model": "sessions.session", "pk": "9okxzrp2aokj1acm41434szvfiedmb1l", "fields": {"session_data": ".eJxVi8sKwjAQAP8lZylNN2l2PXoWPPgBYZNsTPEFTXMQ8d-t4EFPAzPMU3luS_GtyuynpLYK1ObXBY5nuX3CXk4cH8dpke56T3Kp3aHNu2_-ewrXsg4RHNikiTMM2WEAp8mREVxhegtkMCFIMFrSYEcac9bO9shhiGgoqtcbl4Ax4w:1pUWRY:sYxzHpE2Gu0BiP-yY_6w1xMQadjhtFs_BvS13ObxFMY", "expire_date": "2023-03-07T17:28:44.298Z"}}, {"model": "sessions.session", "pk": "b4makr8nlf7k72dqiehuy24n49qkuqz8", "fields": {"session_data": ".eJxVy00KwjAQQOG7ZC2lM_mZxqVrwYUHCJlkaopaoWkWIt5dBRe6fR_voUJsawmtyhKmrLYK1ea3cUxnmT-wl1NM9-O0Sne9ZbnU7tCW3Zf_nhJreQ9isjXiQIijN8CQBnIjeG-lT0YTUq-9tc6QZIvEnFwGRPYDwgia1PMFrE8x9g:1pUvfE:Vn6Qpf1KJMkMeRrJ_4dcyD1GfAhNI3l23pXyOq39riA", "expire_date": "2023-03-08T20:24:32.871Z"}}, {"model": "sessions.session", "pk": "fz7cgp0p2gc3wjt15f994wxoxl6djzhd", "fields": {"session_data": ".eJxVy00KwjAQQOG7ZC2lM_mZxqVrwYUHCJlkaopaoWkWIt5dBRe6fR_voUJsawmtyhKmrLYK1ea3cUxnmT-wl1NM9-O0Sne9ZbnU7tCW3Zf_nhJreQ9isjXiQIijN8CQBnIjeG-lT0YTUq-9tc6QZIvEnFwGRPYDwgia1PMFrE8x9g:1pUwCd:IcrP_s0B-BI-RfOIdvX92fTWHQtdfjpkBD3RToq5mv8", "expire_date": "2023-03-08T20:59:03.628Z"}}, {"model": "sessions.session", "pk": "s082slgfruty4t4oburkshbf0vfobz85", "fields": {"session_data": ".eJxVi8sKwjAQAP8lZylNN2l2PXoWPPgBYZNsTPEFTXMQ8d-t4EFPAzPMU3luS_GtyuynpLYK1ObXBY5nuX3CXk4cH8dpke56T3Kp3aHNu2_-ewrXsg4RHNikiTMM2WEAp8mREVxhegtkMCFIMFrSYEcac9bO9shhiGgoqtcbl4Ax4w:1pTuNj:n0j13n9_o6w1zR_szwq2DzEXxX08RGgXUkh-xYGT83E", "expire_date": "2023-03-06T00:50:15.944Z"}}, {"model": "LegacySite.user", "pk": 1, "fields": {"last_login": null, "username": "admin", "password": "000000000000000000000000000078d2$18821d89de11ab18488fdc0a01f1ddf4d290e198b0f80cd4974fc031dc2615a3"}}, {"model": "LegacySite.user", "pk": 2, "fields": {"last_login": "2023-02-22T20:59:03.620Z", "username": "test", "password": "000000000000000000000000000078d2$a8dfe9d76be66382be9a0e809d087342e2aa8cc7060721784d7163ae49141143"}}, {"model": "LegacySite.user", "pk": 3, "fields": {"last_login": "2023-02-21T18:22:24.976Z", "username": "test2", "password": "000000000000000000000000000078d2$3ce31585b23f69ac17ac91609ad325d9bd0ddeb9925816c390f3b5dcc74d4163"}}, {"model": "LegacySite.product", "pk": 1, "fields": {"product_name": "NYU Apparel Card", "product_image_path": "/images/product_1.jpg", "recommended_price": 95, "description": "Use this card to buy NYU Clothing!"}}, {"model": "LegacySite.product", "pk": 2, "fields": {"product_name": "Tandon Food Court Card", "product_image_path": "/images/product_2.jpg", "recommended_price": 30, "description": "Use this card to buy food at the Tandon Food Court!"}}, {"model": "LegacySite.product", "pk": 3, "fields": {"product_name": "Graduation Robe Card", "product_image_path": "/images/product_3.jpg", "recommended_price": 199, "description": "Why worry about this later? Buy this card to make graduation easier!"}}, {"model": "LegacySite.product", "pk": 4, "fields": {"product_name": "Semester's Book Card", "product_image_path": "/images/product_5.jpg", "recommended_price": 777, "description": "So much to read, so little time. Buy this to make payment at the book store quicker and easier!"}}, {"model": "LegacySite.product", "pk": 5, "fields": {"product_name": "NYU Electronics Card", "product_image_path": "/images/product_6.jpg", "recommended_price": 500, "description": "Need a new laptop? No problem! This card can be used to buy electronics at the NYU Bookstore."}}, {"model": "LegacySite.product", "pk": 6, "fields": {"product_name": "Tuition Card", "product_image_path": "/images/product_7.jpg", "recommended_price": 1999, "description": "Need to pay for those credits? Pick up this card to make the process easier!"}}, {"model": "LegacySite.product", "pk": 7, "fields": {"product_name": "NYU Gym Card", "product_image_path": "/images/product_8.jpg", "recommended_price": 450, "description": "Want summer gym access for your entire degree? This card should cover it!"}}, {"model": "LegacySite.card", "pk": 1, "fields": {"data": "eyJtZXJjaGFudF9pZCI6ICJOWVUgQXBwYXJlbCBDYXJkIiwgImN1c3RvbWVyX2lkIjogInRlc3QiLCAidG90YWxfdmFsdWUiOiAiMSIsICJyZWNvcmRzIjogW3sicmVjb3JkX3R5cGUiOiAiYW1vdW50X2NoYW5nZSIsICJhbW91bnRfYWRkZWQiOiAyMDAwLCAic2lnbmF0dXJlIjogImZiYTU5OTM3N2RlM2YzZGY3NTE5Zjg0YjUxMmY5YmYxIn1dfQ==", "product": 1, "amount": 1, "fp": "/tmp/addedcard_2_1.gftcrd", "user": 2, "used": true}}, {"model": "LegacySite.card", "pk": 2, "fields": {"data": "eyJtZXJjaGFudF9pZCI6ICJOWVUgQXBwYXJlbCBDYXJkIiwgImN1c3RvbWVyX2lkIjogInRlc3QiLCAidG90YWxfdmFsdWUiOiA5NSwgInJlY29yZHMiOiBbeyJyZWNvcmRfdHlwZSI6ICJhbW91bnRfY2hhbmdlIiwgImFtb3VudF9hZGRlZCI6IDIwMDAsICJzaWduYXR1cmUiOiAiMTg3MDU0MmQyMjY1YjRkNGIwMTM2MTIyMzUyNjJjYjYifV19", "product": 1, "amount": 95, "fp": "/tmp/addedcard_2_2.gftcrd", "user": 2, "used": true}}, {"model": "LegacySite.card", "pk": 3, "fields": {"data": "eyJtZXJjaGFudF9pZCI6ICJOWVUgQXBwYXJlbCBDYXJkIiwgImN1c3RvbWVyX2lkIjogInRlc3QiLCAidG90YWxfdmFsdWUiOiA5NSwgInJlY29yZHMiOiBbeyJyZWNvcmRfdHlwZSI6ICJhbW91bnRfY2hhbmdlIiwgImFtb3VudF9hZGRlZCI6IDIwMDAsICJzaWduYXR1cmUiOiAiNGUwMzU2NjM2MTA2OTZhZDZjY2M4MjEwMTY4MGYwMWYifV19", "product": 1, "amount": 95, "fp": "/tmp/addedcard_2_3.gftcrd", "user": 2, "used": false}}, {"model": "LegacySite.card", "pk": 4, "fields": {"data": "eyJtZXJjaGFudF9pZCI6ICJOWVUgQXBwYXJlbCBDYXJkIiwgImN1c3RvbWVyX2lkIjogInRlc3QiLCAidG90YWxfdmFsdWUiOiA5NSwgInJlY29yZHMiOiBbeyJyZWNvcmRfdHlwZSI6ICJhbW91bnRfY2hhbmdlIiwgImFtb3VudF9hZGRlZCI6IDIwMDAsICJzaWduYXR1cmUiOiAiMDQ2OWY0ZWZiMTVkM2MzMWJlMzMyMGRiMGYzNDZkNTEifV19", "product": 1, "amount": 95, "fp": "/tmp/addedcard_3_1.gftcrd", "user": 3, "used": true}}, {"model": "LegacySite.card", "pk": 5, "fields": {"data": "eyJtZXJjaGFudF9pZCI6ICJOWVUgQXBwYXJlbCBDYXJkIiwgImN1c3RvbWVyX2lkIjogInRlc3QiLCAidG90YWxfdmFsdWUiOiAiMSIsICJyZWNvcmRzIjogW3sicmVjb3JkX3R5cGUiOiAiYW1vdW50X2NoYW5nZSIsICJhbW91bnRfYWRkZWQiOiAyMDAwLCAic2lnbmF0dXJlIjogIjQ1Yjk0Y2U1NTFhNTg4N2E1YzFjYmQ4OWZjMThjOWQ0In1dfQ==", "product": 1, "amount": 1, "fp": "/tmp/addedcard_3_2.gftcrd", "user": 3, "used": false}}, {"model": "LegacySite.card", "pk": 6, "fields": {"data": "eyJtZXJjaGFudF9pZCI6ICJOWVUgQXBwYXJlbCBDYXJkIiwgImN1c3RvbWVyX2lkIjogInRlc3QiLCAidG90YWxfdmFsdWUiOiAiMSIsICJyZWNvcmRzIjogW3sicmVjb3JkX3R5cGUiOiAiYW1vdW50X2NoYW5nZSIsICJhbW91bnRfYWRkZWQiOiAyMDAwLCAic2lnbmF0dXJlIjogImU5YzU5M2VhZDIwMGIyNDhlMTY1ODIwYWE0OTBjN2ZhIn1dfQ==", "product": 1, "amount": 1, "fp": "/tmp/addedcard_3_3.gftcrd", "user": 3, "used": false}}, {"model": "LegacySite.card", "pk": 7, "fields": {"data": "eyJtZXJjaGFudF9pZCI6ICJOWVUgQXBwYXJlbCBDYXJkIiwgImN1c3RvbWVyX2lkIjogInRlc3QiLCAidG90YWxfdmFsdWUiOiAiMSIsICJyZWNvcmRzIjogW3sicmVjb3JkX3R5cGUiOiAiYW1vdW50X2NoYW5nZSIsICJhbW91bnRfYWRkZWQiOiAyMDAwLCAic2lnbmF0dXJlIjogIjYyYjcyNTAxOGQ5YmI1YzM3OTJhNmE2ZmRhZDYzODJlIn1dfQ==", "product": 1, "amount": 1, "fp": "/tmp/addedcard_3_4.gftcrd", "user": 3, "used": false}}, {"model": "LegacySite.card", "pk": 8, "fields": {"data": "eyJtZXJjaGFudF9pZCI6ICJOWVUgQXBwYXJlbCBDYXJkIiwgImN1c3RvbWVyX2lkIjogInRlc3QiLCAidG90YWxfdmFsdWUiOiAiMSIsICJyZWNvcmRzIjogW3sicmVjb3JkX3R5cGUiOiAiYW1vdW50X2NoYW5nZSIsICJhbW91bnRfYWRkZWQiOiAyMDAwLCAic2lnbmF0dXJlIjogIjdiNDg2MTI3ZjhhYzAwODgxYWUxMDcxMDU2ODcyOGEyIn1dfQ==", "product": 1, "amount": 1, "fp": "/tmp/addedcard_3_5.gftcrd", "user": 3, "used": false}}, {"model": "LegacySite.card", "pk": 9, "fields": {"data": "eyJtZXJjaGFudF9pZCI6ICJOWVUgQXBwYXJlbCBDYXJkIiwgImN1c3RvbWVyX2lkIjogInRlc3QiLCAidG90YWxfdmFsdWUiOiAiMSIsICJyZWNvcmRzIjogW3sicmVjb3JkX3R5cGUiOiAiYW1vdW50X2NoYW5nZSIsICJhbW91bnRfYWRkZWQiOiAyMDAwLCAic2lnbmF0dXJlIjogImQ0OTIxMjJkNjA1OGY4NjU5ODg3ZjUyZjAyYzc1NWIzIn1dfQ==", "product": 1, "amount": 1, "fp": "/tmp/addedcard_3_6.gftcrd", "user": 3, "used": false}}, {"model": "LegacySite.card", "pk": 10, "fields": {"data": "eyJtZXJjaGFudF9pZCI6ICJOWVUgQXBwYXJlbCBDYXJkIiwgImN1c3RvbWVyX2lkIjogInRlc3QiLCAidG90YWxfdmFsdWUiOiAiMSIsICJyZWNvcmRzIjogW3sicmVjb3JkX3R5cGUiOiAiYW1vdW50X2NoYW5nZSIsICJhbW91bnRfYWRkZWQiOiAyMDAwLCAic2lnbmF0dXJlIjogImE2MDk1MzQ5NTVkM2Q1OGQ1Zjg2NWYyODgxMzNlN2FiIn1dfQ==", "product": 1, "amount": 1, "fp": "/tmp/addedcard_3_7.gftcrd", "user": 3, "used": false}}, {"model": "LegacySite.card", "pk": 11, "fields": {"data": "eyJtZXJjaGFudF9pZCI6ICJOWVUgQXBwYXJlbCBDYXJkIiwgImN1c3RvbWVyX2lkIjogInRlc3QiLCAidG90YWxfdmFsdWUiOiAiMSIsICJyZWNvcmRzIjogW3sicmVjb3JkX3R5cGUiOiAiYW1vdW50X2NoYW5nZSIsICJhbW91bnRfYWRkZWQiOiAyMDAwLCAic2lnbmF0dXJlIjogIjIwNWMxMmEwMWQ1NjhmZWUxM2ZiMDJmOTNjNWE1OWE1In1dfQ==", "product": 1, "amount": 1, "fp": "/tmp/addedcard_3_8.gftcrd", "user": 3, "used": false}}, {"model": "LegacySite.card", "pk": 12, "fields": {"data": "eyJtZXJjaGFudF9pZCI6ICJOWVUgQXBwYXJlbCBDYXJkIiwgImN1c3RvbWVyX2lkIjogInRlc3QiLCAidG90YWxfdmFsdWUiOiAiMSIsICJyZWNvcmRzIjogW3sicmVjb3JkX3R5cGUiOiAiYW1vdW50X2NoYW5nZSIsICJhbW91bnRfYWRkZWQiOiAyMDAwLCAic2lnbmF0dXJlIjogImVhYWZhOTQ0NmM3NTk4NWQ0Nzk5NTQxNGQ3YjM5ZDMzIn1dfQ==", "product": 1, "amount": 1, "fp": "/tmp/addedcard_3_9.gftcrd", "user": 3, "used": false}}, {"model": "LegacySite.card", "pk": 13, "fields": {"data": "eyJtZXJjaGFudF9pZCI6ICJOWVUgQXBwYXJlbCBDYXJkIiwgImN1c3RvbWVyX2lkIjogInRlc3QiLCAidG90YWxfdmFsdWUiOiAiMSIsICJyZWNvcmRzIjogW3sicmVjb3JkX3R5cGUiOiAiYW1vdW50X2NoYW5nZSIsICJhbW91bnRfYWRkZWQiOiAyMDAwLCAic2lnbmF0dXJlIjogIjY3Yzc5OGY5OTkwZjk3NjBhMWRhYzVhNmM1Mjk0OTQ2In1dfQ==", "product": 1, "amount": 1, "fp": "/tmp/addedcard_3_10.gftcrd", "user": 3, "used": false}}, {"model": "LegacySite.card", "pk": 14, "fields": {"data": "eyJtZXJjaGFudF9pZCI6ICJOWVUgQXBwYXJlbCBDYXJkIiwgImN1c3RvbWVyX2lkIjogInRlc3QiLCAidG90YWxfdmFsdWUiOiAiMiIsICJyZWNvcmRzIjogW3sicmVjb3JkX3R5cGUiOiAiYW1vdW50X2NoYW5nZSIsICJhbW91bnRfYWRkZWQiOiAyMDAwLCAic2lnbmF0dXJlIjogIjkwZGVlOGJkMTc4YTI3NzcxMzYyZDVjMjE2OTMzODU3In1dfQ==", "product": 1, "amount": 2, "fp": "/tmp/addedcard_3_11.gftcrd", "user": 3, "used": false}}, {"model": "LegacySite.card", "pk": 15, "fields": {"data": "eyJtZXJjaGFudF9pZCI6ICJOWVUgQXBwYXJlbCBDYXJkIiwgImN1c3RvbWVyX2lkIjogInRlc3QiLCAidG90YWxfdmFsdWUiOiAiMSIsICJyZWNvcmRzIjogW3sicmVjb3JkX3R5cGUiOiAiYW1vdW50X2NoYW5nZSIsICJhbW91bnRfYWRkZWQiOiAyMDAwLCAic2lnbmF0dXJlIjogIjI1MWQ0MTA0OGUyYTg4ZjliY2E3MjZlYmQwMDdhNGRmIn1dfQ==", "product": 1, "amount": 1, "fp": "/tmp/addedcard_3_12.gftcrd", "user": 3, "used": false}}, {"model": "LegacySite.card", "pk": 16, "fields": {"data": "eyJtZXJjaGFudF9pZCI6ICJOWVUgQXBwYXJlbCBDYXJkIiwgImN1c3RvbWVyX2lkIjogInRlc3QiLCAidG90YWxfdmFsdWUiOiAiMSIsICJyZWNvcmRzIjogW3sicmVjb3JkX3R5cGUiOiAiYW1vdW50X2NoYW5nZSIsICJhbW91bnRfYWRkZWQiOiAyMDAwLCAic2lnbmF0dXJlIjogIjBjZGIwOWYyYmNmNzc0YzY1ZjFhMDU1MDU3M2Y2ZWUxIn1dfQ==", "product": 1, "amount": 1, "fp": "/tmp/addedcard_3_13.gftcrd", "user": 3, "used": false}}, {"model": "LegacySite.card", "pk": 17, "fields": {"data": "eyJtZXJjaGFudF9pZCI6ICJOWVUgQXBwYXJlbCBDYXJkIiwgImN1c3RvbWVyX2lkIjogInRlc3QiLCAidG90YWxfdmFsdWUiOiAiMSIsICJyZWNvcmRzIjogW3sicmVjb3JkX3R5cGUiOiAiYW1vdW50X2NoYW5nZSIsICJhbW91bnRfYWRkZWQiOiAyMDAwLCAic2lnbmF0dXJlIjogImRhMDRhNjRlYzkyZjU3MTY3MTMyZjdmZjhjZjQ2MTRjIn1dfQ==", "product": 1, "amount": 1, "fp": "/tmp/addedcard_3_14.gftcrd", "user": 3, "used": false}}, {"model": "LegacySite.card", "pk": 18, "fields": {"data": "eyJtZXJjaGFudF9pZCI6ICJOWVUgQXBwYXJlbCBDYXJkIiwgImN1c3RvbWVyX2lkIjogInRlc3QiLCAidG90YWxfdmFsdWUiOiAiMSIsICJyZWNvcmRzIjogW3sicmVjb3JkX3R5cGUiOiAiYW1vdW50X2NoYW5nZSIsICJhbW91bnRfYWRkZWQiOiAyMDAwLCAic2lnbmF0dXJlIjogIjU0NGZhM2UxNjI0NDY1NDg0N2Q4MGRkMmY2ZmY0MmFiIn1dfQ==", "product": 1, "amount": 1, "fp": "/tmp/addedcard_3_15.gftcrd", "user": 3, "used": false}}, {"model": "LegacySite.card", "pk": 19, "fields": {"data": "eyJtZXJjaGFudF9pZCI6ICJOWVUgQXBwYXJlbCBDYXJkIiwgImN1c3RvbWVyX2lkIjogInRlc3QiLCAidG90YWxfdmFsdWUiOiAiMTAiLCAicmVjb3JkcyI6IFt7InJlY29yZF90eXBlIjogImFtb3VudF9jaGFuZ2UiLCAiYW1vdW50X2FkZGVkIjogMjAwMCwgInNpZ25hdHVyZSI6ICI4YWEzNTQ5MzA4YWY2M2ExNWIzNThmZWIxOTNmMGY5NCJ9XX0=", "product": 1, "amount": 10, "fp": "/tmp/addedcard_2_4.gftcrd", "user": 2, "used": false}}, {"model": "LegacySite.card", "pk": 20, "fields": {"data": "eyJtZXJjaGFudF9pZCI6ICJOWVUgQXBwYXJlbCBDYXJkIiwgImN1c3RvbWVyX2lkIjogInRlc3QyIiwgInRvdGFsX3ZhbHVlIjogIjEiLCAicmVjb3JkcyI6IFt7InJlY29yZF90eXBlIjogImFtb3VudF9jaGFuZ2UiLCAiYW1vdW50X2FkZGVkIjogMjAwMCwgInNpZ25hdHVyZSI6ICIyYWVkYTY1MjI3MTMwNTBlOGZkYWE5YmVmMzIwZTBjMiJ9XX0=", "product": 1, "amount": 1, "fp": "/tmp/addedcard_2_5.gftcrd", "user": 2, "used": false}}, {"model": "LegacySite.card", "pk": 21, "fields": {"data": "eyJtZXJjaGFudF9pZCI6ICJOWVUgQXBwYXJlbCBDYXJkIiwgImN1c3RvbWVyX2lkIjogInRlc3QyIiwgInRvdGFsX3ZhbHVlIjogIjEiLCAicmVjb3JkcyI6IFt7InJlY29yZF90eXBlIjogImFtb3VudF9jaGFuZ2UiLCAiYW1vdW50X2FkZGVkIjogMjAwMCwgInNpZ25hdHVyZSI6ICI2OTA4MGEwYTI0ZGQ2NTYwNWRhZDEwZTc1YzI0YWUzZSJ9XX0=", "product": 1, "amount": 1, "fp": "/tmp/addedcard_2_6.gftcrd", "user": 2, "used": false}}, {"model": "LegacySite.card", "pk": 22, "fields": {"data": "eyJtZXJjaGFudF9pZCI6ICJOWVUgQXBwYXJlbCBDYXJkIiwgImN1c3RvbWVyX2lkIjogInRlc3QiLCAidG90YWxfdmFsdWUiOiAiMSIsICJyZWNvcmRzIjogW3sicmVjb3JkX3R5cGUiOiAiYW1vdW50X2NoYW5nZSIsICJhbW91bnRfYWRkZWQiOiAyMDAwLCAic2lnbmF0dXJlIjogIjM3MWZjN2ZkZmM3OGM4MjMwM2NhY2FkMWNhOTIzMjdiIn1dfQ==", "product": 1, "amount": 1, "fp": "/tmp/addedcard_2_7.gftcrd", "user": 2, "used": false}}, {"model": "LegacySite.card", "pk": 23, "fields": {"data": "eyJtZXJjaGFudF9pZCI6ICJOWVUgQXBwYXJlbCBDYXJkIiwgImN1c3RvbWVyX2lkIjogInRlc3QiLCAidG90YWxfdmFsdWUiOiAiMSIsICJyZWNvcmRzIjogW3sicmVjb3JkX3R5cGUiOiAiYW1vdW50X2NoYW5nZSIsICJhbW91bnRfYWRkZWQiOiAyMDAwLCAic2lnbmF0dXJlIjogImY0NGRhOGYyYmMwNWVjZDdlZTIzZmVlMTI5M2VjOTUwIn1dfQ==", "product": 1, "amount": 1, "fp": "/tmp/addedcard_2_8.gftcrd", "user": 2, "used": false}}, {"model": "LegacySite.card", "pk": 24, "fields": {"data": "eyJtZXJjaGFudF9pZCI6ICJOWVUgQXBwYXJlbCBDYXJkIiwgImN1c3RvbWVyX2lkIjogInRlc3QiLCAidG90YWxfdmFsdWUiOiAiMSIsICJyZWNvcmRzIjogW3sicmVjb3JkX3R5cGUiOiAiYW1vdW50X2NoYW5nZSIsICJhbW91bnRfYWRkZWQiOiAyMDAwLCAic2lnbmF0dXJlIjogIjc4NWUyMjkyZWZkNTljOTQwZWViOWZjZjVjZmViNGYzIn1dfQ==", "product": 1, "amount": 1, "fp": "/tmp/addedcard_3_16.gftcrd", "user": 3, "used": false}}, {"model": "LegacySite.card", "pk": 25, "fields": {"data": "eyJtZXJjaGFudF9pZCI6ICJOWVUgQXBwYXJlbCBDYXJkIiwgImN1c3RvbWVyX2lkIjogInRlc3QiLCAidG90YWxfdmFsdWUiOiAiMSIsICJyZWNvcmRzIjogW3sicmVjb3JkX3R5cGUiOiAiYW1vdW50X2NoYW5nZSIsICJhbW91bnRfYWRkZWQiOiAyMDAwLCAic2lnbmF0dXJlIjogIjdhMDZhNmNhYWYwOTU5MDQzNzk5NjFlY2E1ZWRiMjI0In1dfQ==", "product": 1, "amount": 1, "fp": "/tmp/addedcard_3_17.gftcrd", "user": 3, "used": false}}, {"model": "LegacySite.card", "pk": 26, "fields": {"data": "eyJtZXJjaGFudF9pZCI6ICJOWVUgQXBwYXJlbCBDYXJkIiwgImN1c3RvbWVyX2lkIjogInRlc3QiLCAidG90YWxfdmFsdWUiOiAiMSIsICJyZWNvcmRzIjogW3sicmVjb3JkX3R5cGUiOiAiYW1vdW50X2NoYW5nZSIsICJhbW91bnRfYWRkZWQiOiAyMDAwLCAic2lnbmF0dXJlIjogImU5ZmEwYmM0MDIyZTkyODg0ZmRmMmJhYWRlY2IyNzAyIn1dfQ==", "product": 1, "amount": 1, "fp": "/tmp/addedcard_3_18.gftcrd", "user": 3, "used": false}}, {"model": "LegacySite.card", "pk": 27, "fields": {"data": "eyJtZXJjaGFudF9pZCI6ICJOWVUgQXBwYXJlbCBDYXJkIiwgImN1c3RvbWVyX2lkIjogInRlc3QiLCAidG90YWxfdmFsdWUiOiAiMSIsICJyZWNvcmRzIjogW3sicmVjb3JkX3R5cGUiOiAiYW1vdW50X2NoYW5nZSIsICJhbW91bnRfYWRkZWQiOiAyMDAwLCAic2lnbmF0dXJlIjogImRmNDEyZmUyNGM5MGQ2YzI4NTgxNGU1ODdmYzI2ZTE4In1dfQ==", "product": 1, "amount": 1, "fp": "/tmp/addedcard_3_19.gftcrd", "user": 3, "used": false}}, {"model": "LegacySite.card", "pk": 28, "fields": {"data": "eyJtZXJjaGFudF9pZCI6ICJOWVUgQXBwYXJlbCBDYXJkIiwgImN1c3RvbWVyX2lkIjogInRlc3QiLCAidG90YWxfdmFsdWUiOiAiMSIsICJyZWNvcmRzIjogW3sicmVjb3JkX3R5cGUiOiAiYW1vdW50X2NoYW5nZSIsICJhbW91bnRfYWRkZWQiOiAyMDAwLCAic2lnbmF0dXJlIjogIjYwNjAwNjQ2YzRhMGQ5NGQ2YTZiMzI5NzYwZDFlM2E3In1dfQ==", "product": 1, "amount": 1, "fp": "/tmp/addedcard_3_20.gftcrd", "user": 3, "used": false}}, {"model": "LegacySite.card", "pk": 29, "fields": {"data": "eyJtZXJjaGFudF9pZCI6ICJOWVUgQXBwYXJlbCBDYXJkIiwgImN1c3RvbWVyX2lkIjogInRlc3QiLCAidG90YWxfdmFsdWUiOiA5NSwgInJlY29yZHMiOiBbeyJyZWNvcmRfdHlwZSI6ICJhbW91bnRfY2hhbmdlIiwgImFtb3VudF9hZGRlZCI6IDIwMDAsICJzaWduYXR1cmUiOiAiMDY4ODM3ZTIxNjJjMTU2MjY5NGNkZDZlODdiMTM3OTcifV19", "product": 1, "amount": 95, "fp": "/tmp/addedcard_2_9.gftcrd", "user": 2, "used": false}}, {"model": "LegacySite.card", "pk": 30, "fields": {"data": "eyJtZXJjaGFudF9pZCI6ICJOWVUgQXBwYXJlbCBDYXJkIiwgImN1c3RvbWVyX2lkIjogInRlc3QiLCAidG90YWxfdmFsdWUiOiA5NSwgInJlY29yZHMiOiBbeyJyZWNvcmRfdHlwZSI6ICJhbW91bnRfY2hhbmdlIiwgImFtb3VudF9hZGRlZCI6IDIwMDAsICJzaWduYXR1cmUiOiAiZGM1MzA4M2JmYjliZTI0N2I3OWZlZjU0YjFlYTg4MjQifV19", "product": 1, "amount": 95, "fp": "/tmp/addedcard_2_10.gftcrd", "user": 2, "used": false}}, {"model": "LegacySite.card", "pk": 31, "fields": {"data": "eyJtZXJjaGFudF9pZCI6ICJOWVUgQXBwYXJlbCBDYXJkIiwgImN1c3RvbWVyX2lkIjogInRlc3QiLCAidG90YWxfdmFsdWUiOiA5NSwgInJlY29yZHMiOiBbeyJyZWNvcmRfdHlwZSI6ICJhbW91bnRfY2hhbmdlIiwgImFtb3VudF9hZGRlZCI6IDIwMDAsICJzaWduYXR1cmUiOiAiZmQwNmVhMzg0YmEzN2ZmZDNlN2I2MGZiN2YwNmI3NjAifV19", "product": 1, "amount": 95, "fp": "/tmp/addedcard_2_11.gftcrd", "user": 2, "used": true}}, {"model": "LegacySite.card", "pk": 32, "fields": {"data": "eyJtZXJjaGFudF9pZCI6ICJOWVUgQXBwYXJlbCBDYXJkIiwgImN1c3RvbWVyX2lkIjogInRlc3QiLCAidG90YWxfdmFsdWUiOiA5NSwgInJlY29yZHMiOiBbeyJyZWNvcmRfdHlwZSI6ICJhbW91bnRfY2hhbmdlIiwgImFtb3VudF9hZGRlZCI6IDIwMDAsICJzaWduYXR1cmUiOiAiMjIzOTJlMDU0N2NjMTFlYzY1NmRiNTU3NWMzZTFhNTMifV19", "product": 1, "amount": 95, "fp": "/tmp/addedcard_2_12.gftcrd", "user": 2, "used": true}}, {"model": "LegacySite.card", "pk": 33, "fields": {"data": "eyJtZXJjaGFudF9pZCI6ICJOWVUgQXBwYXJlbCBDYXJkIiwgImN1c3RvbWVyX2lkIjogInRlc3QiLCAidG90YWxfdmFsdWUiOiA5NSwgInJlY29yZHMiOiBbeyJyZWNvcmRfdHlwZSI6ICJhbW91bnRfY2hhbmdlIiwgImFtb3VudF9hZGRlZCI6IDIwMDAsICJzaWduYXR1cmUiOiAiODE3YzAyNjI5ZDk3NDZkYTA1MDMxY2Y0YzhlZjY0ZWUifV19", "product": 1, "amount": 95, "fp": "/tmp/addedcard_2_13.gftcrd", "user": 2, "used": false}}, {"model": "LegacySite.card", "pk": 34, "fields": {"data": "eyJtZXJjaGFudF9pZCI6ICJOWVUgQXBwYXJlbCBDYXJkIiwgImN1c3RvbWVyX2lkIjogInRlc3QiLCAidG90YWxfdmFsdWUiOiAiMSIsICJyZWNvcmRzIjogW3sicmVjb3JkX3R5cGUiOiAiYW1vdW50X2NoYW5nZSIsICJhbW91bnRfYWRkZWQiOiAyMDAwLCAic2lnbmF0dXJlIjogIjUyMmYyMGNkY2ZkNTcwOTBlZDg4NjA0Yjk4YmQzZGUyIn1dfQ==", "product": 1, "amount": 1, "fp": "/tmp/addedcard_2_14.gftcrd", "user": 2, "used": true}}, {"model": "LegacySite.card", "pk": 35, "fields": {"data": "eyJtZXJjaGFudF9pZCI6ICJOWVUgQXBwYXJlbCBDYXJkIiwgImN1c3RvbWVyX2lkIjogInRlc3QiLCAidG90YWxfdmFsdWUiOiAiMSIsICJyZWNvcmRzIjogW3sicmVjb3JkX3R5cGUiOiAiYW1vdW50X2NoYW5nZSIsICJhbW91bnRfYWRkZWQiOiAyMDAwLCAic2lnbmF0dXJlIjogImJhN2RkYTQ2NDE4NzEwNmRlNDYzODU5NzA4OGYwNmYxIn1dfQ==", "product": 1, "amount": 1, "fp": "/tmp/addedcard_3_21.gftcrd", "user": 3, "used": false}}, {"model": "LegacySite.card", "pk": 36, "fields": {"data": "eyJtZXJjaGFudF9pZCI6ICJOWVUgQXBwYXJlbCBDYXJkIiwgImN1c3RvbWVyX2lkIjogInRlc3QiLCAidG90YWxfdmFsdWUiOiAiMSIsICJyZWNvcmRzIjogW3sicmVjb3JkX3R5cGUiOiAiYW1vdW50X2NoYW5nZSIsICJhbW91bnRfYWRkZWQiOiAyMDAwLCAic2lnbmF0dXJlIjogIjQ2NWViODA4YWZiY2ZjNmI1ZjhkNDkxMDg0YmZlODNkIn1dfQ==", "product": 1, "amount": 1, "fp": "/tmp/addedcard_2_15.gftcrd", "user": 2, "used": false}}, {"model": "LegacySite.card", "pk": 37, "fields": {"data": "eyJtZXJjaGFudF9pZCI6ICJOWVUgQXBwYXJlbCBDYXJkIiwgImN1c3RvbWVyX2lkIjogInRlc3QyIiwgInRvdGFsX3ZhbHVlIjogIjEwIiwgInJlY29yZHMiOiBbeyJyZWNvcmRfdHlwZSI6ICJhbW91bnRfY2hhbmdlIiwgImFtb3VudF9hZGRlZCI6IDIwMDAsICJzaWduYXR1cmUiOiAiZmRjY2IzYzYxZDgxMWNiOWM2YTg4MWQ4M2RjN2I5OWEifV19", "product": 1, "amount": 10, "fp": "/tmp/addedcard_3_22.gftcrd", "user": 3, "used": false}}, {"model": "LegacySite.card", "pk": 38, "fields": {"data": "eyJtZXJjaGFudF9pZCI6ICJOWVUgQXBwYXJlbCBDYXJkIiwgImN1c3RvbWVyX2lkIjogInRlc3QyIiwgInRvdGFsX3ZhbHVlIjogOTUsICJyZWNvcmRzIjogW3sicmVjb3JkX3R5cGUiOiAiYW1vdW50X2NoYW5nZSIsICJhbW91bnRfYWRkZWQiOiAyMDAwLCAic2lnbmF0dXJlIjogIjA4NmI3ODY3NjhhN2UzYjZkZDZlMzVkYzY2NzkzZWNjIn1dfQ==", "product": 1, "amount": 95, "fp": "/tmp/addedcard_3_23.gftcrd", "user": 3, "used": false}}]